[{"titres":27,"club":"Grasshopper Club Zurich"},{"titres":20,"club":"FC Bâle"},{"titres":17,"club":"Servette Football Club 1890"},{"titres":13,"club":"Berner Sport Club Young Boys"},{"titres":12,"club":"Fussball-Club Zürich"},{"titres":7,"club":"Football Club Lausanne-Sport"},{"titres":3,"club":"Fussball Club Winterthour"},{"titres":3,"club":"Football Club Lugano"},{"titres":3,"club":"Football Club La Chaux-de-Fonds"},{"titres":3,"club":"Fussball-Club Aarau"},{"titres":2,"club":"Neuchâtel Xamax"},{"titres":2,"club":"Football club de Sion"},{"titres":2,"club":"Fussball-Club Sankt-Gallen"},{"titres":1,"club":"Anglo-American Club Zurich"},{"titres":1,"club":"SC Brühl Saint-Gall"},{"titres":1,"club":"FC Cantonal Neuchâtel"},{"titres":1,"club":"FC Étoile Sporting"},{"titres":1,"club":"FC Biel-Bienne"},{"titres":1,"club":"Associazione Calcio Bellinzone"},{"titres":1,"club":"Fussball-Club Luzern"}]
