{"type":"FeatureCollection","features":[{"type":"Feature","id":"node/934760090","properties":{"timestamp":"2010-10-02T08:52:17Z","version":"1","changeset":"5934244","user":"Romain Aviolat [Xens]","uid":"4786","natural":"tree","source":"Orthophoto Yverdon 2007 / HEIG-VD","id":"node/934760090"},"geometry":{"type":"Point","coordinates":[6.6455191,46.7828399]}},{"type":"Feature","id":"node/934760101","properties":{"timestamp":"2010-10-02T08:52:17Z","version":"1","changeset":"5934244","user":"Romain Aviolat [Xens]","uid":"4786","natural":"tree","source":"Orthophoto Yverdon 2007 / HEIG-VD","id":"node/934760101"},"geometry":{"type":"Point","coordinates":[6.645151,46.7823663]}},{"type":"Feature","id":"node/934760102","properties":{"timestamp":"2010-10-02T08:52:17Z","version":"1","changeset":"5934244","user":"Romain Aviolat [Xens]","uid":"4786","natural":"tree","source":"Orthophoto Yverdon 2007 / HEIG-VD","id":"node/934760102"},"geometry":{"type":"Point","coordinates":[6.6453909,46.7826772]}},{"type":"Feature","id":"node/934760120","properties":{"timestamp":"2010-10-02T08:52:18Z","version":"1","changeset":"5934244","user":"Romain Aviolat [Xens]","uid":"4786","natural":"tree","source":"Orthophoto Yverdon 2007 / HEIG-VD","id":"node/934760120"},"geometry":{"type":"Point","coordinates":[6.6450192,46.7822061]}},{"type":"Feature","id":"node/934760122","properties":{"timestamp":"2010-10-02T08:52:18Z","version":"1","changeset":"5934244","user":"Romain Aviolat [Xens]","uid":"4786","natural":"tree","source":"Orthophoto Yverdon 2007 / HEIG-VD","id":"node/934760122"},"geometry":{"type":"Point","coordinates":[6.6452756,46.7825226]}},{"type":"Feature","id":"node/955099459","properties":{"timestamp":"2010-10-17T20:06:21Z","version":"1","changeset":"6071249","user":"inetis","uid":"138032","natural":"tree","source":"Orthophoto Yverdon 2007 / HEIG-VD","id":"node/955099459"},"geometry":{"type":"Point","coordinates":[6.6494323,46.7813657]}},{"type":"Feature","id":"node/955099495","properties":{"timestamp":"2010-10-17T20:06:23Z","version":"1","changeset":"6071249","user":"inetis","uid":"138032","natural":"tree","source":"Orthophoto Yverdon 2007 / HEIG-VD","id":"node/955099495"},"geometry":{"type":"Point","coordinates":[6.6487343,46.7808696]}},{"type":"Feature","id":"node/955099554","properties":{"timestamp":"2010-10-17T20:06:25Z","version":"1","changeset":"6071249","user":"inetis","uid":"138032","natural":"tree","source":"Orthophoto Yverdon 2007 / HEIG-VD","id":"node/955099554"},"geometry":{"type":"Point","coordinates":[6.6484937,46.7817101]}},{"type":"Feature","id":"node/955099595","properties":{"timestamp":"2010-10-17T20:06:27Z","version":"1","changeset":"6071249","user":"inetis","uid":"138032","natural":"tree","source":"Orthophoto Yverdon 2007 / HEIG-VD","id":"node/955099595"},"geometry":{"type":"Point","coordinates":[6.6481519,46.7817975]}},{"type":"Feature","id":"node/955099648","properties":{"timestamp":"2010-10-17T20:06:29Z","version":"1","changeset":"6071249","user":"inetis","uid":"138032","natural":"tree","source":"Orthophoto Yverdon 2007 / HEIG-VD","id":"node/955099648"},"geometry":{"type":"Point","coordinates":[6.6491989,46.780624]}},{"type":"Feature","id":"node/955099695","properties":{"timestamp":"2016-03-04T13:14:58Z","version":"2","changeset":"37608793","user":"imagoiq","uid":"1856092","natural":"tree","source":"Orthophoto Yverdon 2007 / HEIG-VD","id":"node/955099695"},"geometry":{"type":"Point","coordinates":[6.6481731,46.7815198]}},{"type":"Feature","id":"node/955099764","properties":{"timestamp":"2010-10-17T20:06:34Z","version":"1","changeset":"6071249","user":"inetis","uid":"138032","natural":"tree","source":"Orthophoto Yverdon 2007 / HEIG-VD","id":"node/955099764"},"geometry":{"type":"Point","coordinates":[6.6486573,46.7807624]}},{"type":"Feature","id":"node/955099853","properties":{"timestamp":"2010-10-17T20:06:37Z","version":"1","changeset":"6071249","user":"inetis","uid":"138032","natural":"tree","source":"Orthophoto Yverdon 2007 / HEIG-VD","id":"node/955099853"},"geometry":{"type":"Point","coordinates":[6.6483517,46.7816475]}},{"type":"Feature","id":"node/955099896","properties":{"timestamp":"2010-10-17T20:06:38Z","version":"1","changeset":"6071249","user":"inetis","uid":"138032","natural":"tree","source":"Orthophoto Yverdon 2007 / HEIG-VD","id":"node/955099896"},"geometry":{"type":"Point","coordinates":[6.6492663,46.7812157]}},{"type":"Feature","id":"node/955099960","properties":{"timestamp":"2010-10-17T20:06:41Z","version":"1","changeset":"6071249","user":"inetis","uid":"138032","natural":"tree","source":"Orthophoto Yverdon 2007 / HEIG-VD","id":"node/955099960"},"geometry":{"type":"Point","coordinates":[6.648833,46.781247]}},{"type":"Feature","id":"node/955100064","properties":{"timestamp":"2010-10-17T20:06:46Z","version":"1","changeset":"6071249","user":"inetis","uid":"138032","natural":"tree","source":"Orthophoto Yverdon 2007 / HEIG-VD","id":"node/955100064"},"geometry":{"type":"Point","coordinates":[6.6477018,46.7814926]}},{"type":"Feature","id":"node/1075389376","properties":{"timestamp":"2010-12-31T15:04:03Z","version":"1","changeset":"6820022","user":"RatZillaS","uid":"24207","natural":"tree","source":"Orthophoto Yverdon 2007 / HEIG-VD","id":"node/1075389376"},"geometry":{"type":"Point","coordinates":[6.6450713,46.7798657]}},{"type":"Feature","id":"node/1075389394","properties":{"timestamp":"2010-12-31T15:04:04Z","version":"1","changeset":"6820022","user":"RatZillaS","uid":"24207","natural":"tree","source":"Orthophoto Yverdon 2007 / HEIG-VD","id":"node/1075389394"},"geometry":{"type":"Point","coordinates":[6.6455312,46.7797952]}},{"type":"Feature","id":"node/1075389419","properties":{"timestamp":"2010-12-31T15:04:04Z","version":"1","changeset":"6820022","user":"RatZillaS","uid":"24207","natural":"tree","source":"Orthophoto Yverdon 2007 / HEIG-VD","id":"node/1075389419"},"geometry":{"type":"Point","coordinates":[6.6458667,46.7794886]}},{"type":"Feature","id":"node/1075389437","properties":{"timestamp":"2010-12-31T15:04:05Z","version":"1","changeset":"6820022","user":"RatZillaS","uid":"24207","natural":"tree","source":"Orthophoto Yverdon 2007 / HEIG-VD","id":"node/1075389437"},"geometry":{"type":"Point","coordinates":[6.645527,46.7796337]}},{"type":"Feature","id":"node/1075389462","properties":{"timestamp":"2010-12-31T15:04:06Z","version":"1","changeset":"6820022","user":"RatZillaS","uid":"24207","natural":"tree","source":"Orthophoto Yverdon 2007 / HEIG-VD","id":"node/1075389462"},"geometry":{"type":"Point","coordinates":[6.6456927,46.7795632]}},{"type":"Feature","id":"node/6911980456","properties":{"timestamp":"2019-10-24T10:24:14Z","version":"1","changeset":"76145659","user":"swiss_knight","uid":"10123181","denotation":"avenue","diameter":"40cm","leaf_cycle":"deciduous","leaf_type":"broadleaved","natural":"tree","id":"node/6911980456"},"geometry":{"type":"Point","coordinates":[6.6484258,46.7819796]}},{"type":"Feature","id":"node/6911980457","properties":{"timestamp":"2019-10-24T10:24:14Z","version":"1","changeset":"76145659","user":"swiss_knight","uid":"10123181","denotation":"avenue","diameter":"40cm","leaf_cycle":"deciduous","leaf_type":"broadleaved","natural":"tree","id":"node/6911980457"},"geometry":{"type":"Point","coordinates":[6.6483121,46.7820201]}},{"type":"Feature","id":"node/6911980458","properties":{"timestamp":"2019-10-24T10:24:14Z","version":"1","changeset":"76145659","user":"swiss_knight","uid":"10123181","denotation":"avenue","diameter":"40cm","leaf_cycle":"deciduous","leaf_type":"broadleaved","natural":"tree","id":"node/6911980458"},"geometry":{"type":"Point","coordinates":[6.6481653,46.7820737]}},{"type":"Feature","id":"node/6911980459","properties":{"timestamp":"2019-10-24T10:24:14Z","version":"1","changeset":"76145659","user":"swiss_knight","uid":"10123181","denotation":"avenue","diameter":"40cm","leaf_cycle":"deciduous","leaf_type":"broadleaved","natural":"tree","id":"node/6911980459"},"geometry":{"type":"Point","coordinates":[6.648048,46.782115]}},{"type":"Feature","id":"node/6911980460","properties":{"timestamp":"2019-10-24T10:24:14Z","version":"1","changeset":"76145659","user":"swiss_knight","uid":"10123181","denotation":"avenue","diameter":"40cm","leaf_cycle":"deciduous","leaf_type":"broadleaved","natural":"tree","id":"node/6911980460"},"geometry":{"type":"Point","coordinates":[6.6479059,46.7821702]}},{"type":"Feature","id":"node/6911980461","properties":{"timestamp":"2019-10-24T10:24:14Z","version":"1","changeset":"76145659","user":"swiss_knight","uid":"10123181","denotation":"avenue","diameter":"40cm","leaf_cycle":"deciduous","leaf_type":"broadleaved","natural":"tree","id":"node/6911980461"},"geometry":{"type":"Point","coordinates":[6.6477875,46.7822156]}},{"type":"Feature","id":"node/6911980462","properties":{"timestamp":"2019-10-24T10:24:14Z","version":"1","changeset":"76145659","user":"swiss_knight","uid":"10123181","denotation":"avenue","diameter":"40cm","leaf_cycle":"deciduous","leaf_type":"broadleaved","natural":"tree","id":"node/6911980462"},"geometry":{"type":"Point","coordinates":[6.6476619,46.7822635]}},{"type":"Feature","id":"node/6911980463","properties":{"timestamp":"2019-10-24T10:24:14Z","version":"1","changeset":"76145659","user":"swiss_knight","uid":"10123181","denotation":"avenue","diameter":"40cm","leaf_cycle":"deciduous","leaf_type":"broadleaved","natural":"tree","id":"node/6911980463"},"geometry":{"type":"Point","coordinates":[6.6475435,46.782304]}},{"type":"Feature","id":"node/6911980464","properties":{"timestamp":"2019-10-24T10:24:14Z","version":"1","changeset":"76145659","user":"swiss_knight","uid":"10123181","denotation":"avenue","diameter":"40cm","leaf_cycle":"deciduous","leaf_type":"broadleaved","natural":"tree","id":"node/6911980464"},"geometry":{"type":"Point","coordinates":[6.6474416,46.7823421]}},{"type":"Feature","id":"node/6911980465","properties":{"timestamp":"2019-10-24T10:24:14Z","version":"1","changeset":"76145659","user":"swiss_knight","uid":"10123181","denotation":"avenue","diameter":"40cm","leaf_cycle":"deciduous","leaf_type":"broadleaved","natural":"tree","id":"node/6911980465"},"geometry":{"type":"Point","coordinates":[6.6473113,46.7823908]}},{"type":"Feature","id":"node/6911980466","properties":{"timestamp":"2019-10-24T10:24:14Z","version":"1","changeset":"76145659","user":"swiss_knight","uid":"10123181","denotation":"avenue","diameter":"40cm","leaf_cycle":"deciduous","leaf_type":"broadleaved","natural":"tree","id":"node/6911980466"},"geometry":{"type":"Point","coordinates":[6.6468435,46.7825619]}},{"type":"Feature","id":"node/6911980467","properties":{"timestamp":"2019-10-24T10:24:14Z","version":"1","changeset":"76145659","user":"swiss_knight","uid":"10123181","denotation":"avenue","diameter":"40cm","leaf_cycle":"deciduous","leaf_type":"broadleaved","natural":"tree","id":"node/6911980467"},"geometry":{"type":"Point","coordinates":[6.6467097,46.782609]}},{"type":"Feature","id":"node/6911980468","properties":{"timestamp":"2019-10-24T10:24:14Z","version":"1","changeset":"76145659","user":"swiss_knight","uid":"10123181","denotation":"avenue","diameter":"40cm","leaf_cycle":"deciduous","leaf_type":"broadleaved","natural":"tree","id":"node/6911980468"},"geometry":{"type":"Point","coordinates":[6.6465829,46.7826528]}},{"type":"Feature","id":"node/6911980469","properties":{"timestamp":"2019-10-24T10:24:14Z","version":"1","changeset":"76145659","user":"swiss_knight","uid":"10123181","denotation":"avenue","diameter":"40cm","leaf_cycle":"deciduous","leaf_type":"broadleaved","natural":"tree","id":"node/6911980469"},"geometry":{"type":"Point","coordinates":[6.646455,46.7826998]}},{"type":"Feature","id":"node/6911980470","properties":{"timestamp":"2019-10-24T10:24:14Z","version":"1","changeset":"76145659","user":"swiss_knight","uid":"10123181","denotation":"avenue","diameter":"40cm","leaf_cycle":"deciduous","leaf_type":"broadleaved","natural":"tree","id":"node/6911980470"},"geometry":{"type":"Point","coordinates":[6.6463176,46.7827493]}},{"type":"Feature","id":"node/6911980471","properties":{"timestamp":"2019-10-24T10:24:14Z","version":"1","changeset":"76145659","user":"swiss_knight","uid":"10123181","denotation":"avenue","diameter":"40cm","leaf_cycle":"deciduous","leaf_type":"broadleaved","natural":"tree","id":"node/6911980471"},"geometry":{"type":"Point","coordinates":[6.646211,46.7827858]}},{"type":"Feature","id":"node/6911980472","properties":{"timestamp":"2019-10-24T10:24:14Z","version":"1","changeset":"76145659","user":"swiss_knight","uid":"10123181","denotation":"avenue","diameter":"40cm","leaf_cycle":"deciduous","leaf_type":"broadleaved","natural":"tree","id":"node/6911980472"},"geometry":{"type":"Point","coordinates":[6.6460973,46.7828304]}},{"type":"Feature","id":"node/6911980473","properties":{"timestamp":"2019-10-24T10:24:14Z","version":"1","changeset":"76145659","user":"swiss_knight","uid":"10123181","denotation":"avenue","diameter":"40cm","leaf_cycle":"deciduous","leaf_type":"broadleaved","natural":"tree","id":"node/6911980473"},"geometry":{"type":"Point","coordinates":[6.6459718,46.7828725]}},{"type":"Feature","id":"node/6911980474","properties":{"timestamp":"2019-10-24T10:24:14Z","version":"1","changeset":"76145659","user":"swiss_knight","uid":"10123181","denotation":"avenue","diameter":"40cm","leaf_cycle":"deciduous","leaf_type":"broadleaved","natural":"tree","id":"node/6911980474"},"geometry":{"type":"Point","coordinates":[6.6487954,46.781845]}},{"type":"Feature","id":"node/6911980475","properties":{"timestamp":"2019-10-24T10:24:14Z","version":"1","changeset":"76145659","user":"swiss_knight","uid":"10123181","denotation":"avenue","diameter":"40cm","leaf_cycle":"deciduous","leaf_type":"broadleaved","natural":"tree","id":"node/6911980475"},"geometry":{"type":"Point","coordinates":[6.6489138,46.7818028]}},{"type":"Feature","id":"node/6911980476","properties":{"timestamp":"2019-10-24T10:24:14Z","version":"1","changeset":"76145659","user":"swiss_knight","uid":"10123181","denotation":"avenue","diameter":"40cm","leaf_cycle":"deciduous","leaf_type":"broadleaved","natural":"tree","id":"node/6911980476"},"geometry":{"type":"Point","coordinates":[6.6490619,46.7817517]}},{"type":"Feature","id":"node/6911980477","properties":{"timestamp":"2019-10-24T10:24:14Z","version":"1","changeset":"76145659","user":"swiss_knight","uid":"10123181","denotation":"avenue","diameter":"40cm","leaf_cycle":"deciduous","leaf_type":"broadleaved","natural":"tree","id":"node/6911980477"},"geometry":{"type":"Point","coordinates":[6.6493177,46.7816552]}},{"type":"Feature","id":"node/6911980478","properties":{"timestamp":"2019-10-24T10:24:14Z","version":"1","changeset":"76145659","user":"swiss_knight","uid":"10123181","denotation":"avenue","diameter":"40cm","leaf_cycle":"deciduous","leaf_type":"broadleaved","natural":"tree","id":"node/6911980478"},"geometry":{"type":"Point","coordinates":[6.6494468,46.7816106]}},{"type":"Feature","id":"node/6911980479","properties":{"timestamp":"2019-10-24T10:24:14Z","version":"1","changeset":"76145659","user":"swiss_knight","uid":"10123181","denotation":"avenue","diameter":"40cm","leaf_cycle":"deciduous","leaf_type":"broadleaved","natural":"tree","id":"node/6911980479"},"geometry":{"type":"Point","coordinates":[6.6495688,46.7815651]}},{"type":"Feature","id":"node/6911980480","properties":{"timestamp":"2019-10-24T10:24:14Z","version":"1","changeset":"76145659","user":"swiss_knight","uid":"10123181","denotation":"avenue","diameter":"40cm","leaf_cycle":"deciduous","leaf_type":"broadleaved","natural":"tree","id":"node/6911980480"},"geometry":{"type":"Point","coordinates":[6.6496967,46.7815197]}},{"type":"Feature","id":"node/6911980481","properties":{"timestamp":"2019-10-24T10:24:14Z","version":"1","changeset":"76145659","user":"swiss_knight","uid":"10123181","denotation":"avenue","diameter":"40cm","leaf_cycle":"deciduous","leaf_type":"broadleaved","natural":"tree","id":"node/6911980481"},"geometry":{"type":"Point","coordinates":[6.6499869,46.7815749]}},{"type":"Feature","id":"node/7038609509","properties":{"timestamp":"2020-03-23T18:34:20Z","version":"2","changeset":"82536814","user":"swiss_knight","uid":"10123181","denotation":"urban","natural":"tree","source":"Orthophoto Yverdon 2007 / HEIG-VD","id":"node/7038609509"},"geometry":{"type":"Point","coordinates":[6.6497,46.7813287]}}]}
