{"type":"FeatureCollection","features":[{"type":"Feature","id":"way/22735309","properties":{"timestamp":"2019-11-28T09:55:11Z","version":"10","changeset":"77673835","user":"swiss_knight","uid":"10123181","cycleway":"lane","highway":"residential","maxspeed":"50","name":"Rue de l'Industrie","oneway":"yes","sidewalk":"right","surface":"asphalt","id":"way/22735309"},"geometry":{"type":"LineString","coordinates":[[6.6497981,46.7810757],[6.6498774,46.7811741],[6.649893,46.7811935],[6.6499575,46.7812967]]}},{"type":"Feature","id":"way/22735315","properties":{"timestamp":"2019-11-28T09:55:11Z","version":"12","changeset":"77673835","user":"swiss_knight","uid":"10123181","highway":"unclassified","maxspeed:type":"CH:urban","name":"Rue Saint-Roch","sidewalk":"no","surface":"asphalt","id":"way/22735315"},"geometry":{"type":"LineString","coordinates":[[6.6466902,46.7800193],[6.646517,46.7797478],[6.6464283,46.7796158],[6.6460976,46.7791238]]}},{"type":"Feature","id":"way/23365462","properties":{"timestamp":"2010-10-31T12:50:12Z","version":"7","changeset":"6237984","user":"fredjunod","uid":"84054","highway":"service","name":"Rue des Pêcheurs","service":"parking_aisle","id":"way/23365462"},"geometry":{"type":"LineString","coordinates":[[6.6458444,46.7807015],[6.64436,46.7812868]]}},{"type":"Feature","id":"way/23365486","properties":{"timestamp":"2020-02-25T10:12:45Z","version":"23","changeset":"81448755","user":"schnelli","uid":"225842","highway":"tertiary","lit":"yes","name":"Avenue des Sports","sidewalk":"both","surface":"asphalt","id":"way/23365486"},"geometry":{"type":"LineString","coordinates":[[6.64563,46.7829435],[6.6456791,46.7829215],[6.6458443,46.7828588],[6.6471642,46.7823583],[6.647335,46.7822966],[6.6486489,46.781822],[6.6487937,46.7817697],[6.6490062,46.7816929],[6.6491831,46.781629],[6.6495824,46.7814848],[6.6496864,46.7814472]]}},{"type":"Feature","id":"way/23373607","properties":{"timestamp":"2019-12-06T14:30:33Z","version":"7","changeset":"78057948","user":"swiss_knight","uid":"10123181","highway":"service","id":"way/23373607"},"geometry":{"type":"LineString","coordinates":[[6.6467065,46.7817893],[6.6467646,46.7818616],[6.6471354,46.7823225]]}},{"type":"Feature","id":"way/23373621","properties":{"timestamp":"2019-11-28T09:55:11Z","version":"11","changeset":"77673835","user":"swiss_knight","uid":"10123181","highway":"service","sidewalk":"yes","source":"Orthophoto Yverdon 2007 / HEIG-VD","id":"way/23373621"},"geometry":{"type":"LineString","coordinates":[[6.6490062,46.7816929],[6.6489777,46.7816567]]}},{"type":"Feature","id":"way/23373633","properties":{"timestamp":"2019-11-28T09:55:11Z","version":"8","changeset":"77673835","user":"swiss_knight","uid":"10123181","highway":"service","oneway":"yes","service":"parking_aisle","sidewalk":"yes","source":"Orthophoto Yverdon 2007 / HEIG-VD","id":"way/23373633"},"geometry":{"type":"LineString","coordinates":[[6.6487937,46.7817697],[6.6487637,46.781732]]}},{"type":"Feature","id":"way/26496134","properties":{"timestamp":"2020-01-26T16:17:26Z","version":"16","changeset":"80101552","user":"ohusser70","uid":"7500047","highway":"unclassified","lit":"yes","maxspeed":"50","name":"Rue de l'Ancien-Stand","sidewalk":"both","surface":"asphalt","id":"way/26496134"},"geometry":{"type":"LineString","coordinates":[[6.6452941,46.783092],[6.6452052,46.7829999],[6.6448248,46.7825068],[6.644658,46.7822622],[6.6445082,46.7820673],[6.6444173,46.7819566],[6.6443705,46.7818764],[6.6439283,46.7812288]]}},{"type":"Feature","id":"way/26661901","properties":{"timestamp":"2019-11-28T09:55:11Z","version":"6","changeset":"77673835","user":"swiss_knight","uid":"10123181","highway":"service","sidewalk":"yes","id":"way/26661901"},"geometry":{"type":"LineString","coordinates":[[6.6491831,46.781629],[6.6492181,46.7816757]]}},{"type":"Feature","id":"way/26713938","properties":{"timestamp":"2019-11-28T09:55:11Z","version":"6","changeset":"77673835","user":"swiss_knight","uid":"10123181","highway":"service","source":"Orthophoto Yverdon 2007 / HEIG-VD","id":"way/26713938"},"geometry":{"type":"LineString","coordinates":[[6.6481503,46.780637],[6.6487805,46.7804443],[6.6492983,46.780286]]}},{"type":"Feature","id":"way/32784073","properties":{"timestamp":"2019-12-13T15:41:44Z","version":"15","changeset":"78382383","user":"swiss_knight","uid":"10123181","bicycle":"yes","cycleway":"lane","highway":"primary","lit":"yes","maxspeed":"50","maxspeed:type":"sign","name":"Avenue Haldimand","rcrc_ref":"401a","ref":"5","service":"bus","sidewalk":"both","surface":"asphalt","id":"way/32784073"},"geometry":{"type":"LineString","coordinates":[[6.6442141,46.7794219],[6.6444976,46.7793595],[6.6452041,46.779204],[6.6458285,46.7790665],[6.6460148,46.7790255],[6.6464014,46.7789389],[6.6470777,46.7787875],[6.6480699,46.7785653],[6.6481737,46.778542]]}},{"type":"Feature","id":"way/61323507","properties":{"timestamp":"2010-06-06T19:26:49Z","version":"1","changeset":"4921554","user":"Romain Aviolat [Xens]","uid":"4786","highway":"service","oneway":"yes","id":"way/61323507"},"geometry":{"type":"LineString","coordinates":[[6.6488065,46.7790379],[6.6493374,46.778923]]}},{"type":"Feature","id":"way/79760612","properties":{"timestamp":"2019-11-28T09:55:11Z","version":"13","changeset":"77673835","user":"swiss_knight","uid":"10123181","bicycle":"yes","cycleway":"lane","highway":"residential","name":"Rue de l'Industrie","oneway":"no","sidewalk":"yes","surface":"asphalt","id":"way/79760612"},"geometry":{"type":"LineString","coordinates":[[6.6489781,46.7795722],[6.6489373,46.7794966]]}},{"type":"Feature","id":"way/79760621","properties":{"timestamp":"2019-11-28T09:55:11Z","version":"6","changeset":"77673835","user":"swiss_knight","uid":"10123181","highway":"residential","layer":"-1","maxheight":"3.2","name":"Rue de l'Industrie","oneway":"no","sidewalk":"yes","surface":"asphalt","tunnel":"yes","id":"way/79760621"},"geometry":{"type":"LineString","coordinates":[[6.6490703,46.7797429],[6.6489781,46.7795722]]}},{"type":"Feature","id":"way/80122124","properties":{"timestamp":"2012-11-28T09:19:21Z","version":"2","changeset":"14070405","user":"fredjunod","uid":"84054","highway":"service","service":"parking_aisle","source":"Orthophoto Yverdon 2007 / HEIG-VD","id":"way/80122124"},"geometry":{"type":"LineString","coordinates":[[6.6459935,46.7816115],[6.6454032,46.7818326]]}},{"type":"Feature","id":"way/80122127","properties":{"timestamp":"2012-11-28T09:19:22Z","version":"2","changeset":"14070405","user":"fredjunod","uid":"84054","highway":"service","service":"parking_aisle","source":"Orthophoto Yverdon 2007 / HEIG-VD","id":"way/80122127"},"geometry":{"type":"LineString","coordinates":[[6.6461752,46.781839],[6.6457457,46.7819998]]}},{"type":"Feature","id":"way/80122129","properties":{"timestamp":"2012-11-28T09:19:21Z","version":"2","changeset":"14070405","user":"fredjunod","uid":"84054","highway":"service","service":"parking_aisle","source":"Orthophoto Yverdon 2007 / HEIG-VD","id":"way/80122129"},"geometry":{"type":"LineString","coordinates":[[6.6459196,46.7815189],[6.6453309,46.7817393]]}},{"type":"Feature","id":"way/80122130","properties":{"timestamp":"2012-11-28T09:19:22Z","version":"2","changeset":"14070405","user":"fredjunod","uid":"84054","highway":"service","service":"parking_aisle","source":"Orthophoto Yverdon 2007 / HEIG-VD","id":"way/80122130"},"geometry":{"type":"LineString","coordinates":[[6.6460663,46.7817027],[6.6454644,46.781928]]}},{"type":"Feature","id":"way/80122133","properties":{"timestamp":"2010-10-02T08:50:02Z","version":"1","changeset":"5934226","user":"Romain Aviolat [Xens]","uid":"4786","highway":"service","source":"Orthophoto Yverdon 2007 / HEIG-VD","id":"way/80122133"},"geometry":{"type":"LineString","coordinates":[[6.6451212,46.7816921],[6.6452212,46.7818154]]}},{"type":"Feature","id":"way/80122134","properties":{"timestamp":"2012-11-28T09:19:23Z","version":"2","changeset":"14070405","user":"fredjunod","uid":"84054","highway":"service","service":"parking_aisle","source":"Orthophoto Yverdon 2007 / HEIG-VD","id":"way/80122134"},"geometry":{"type":"LineString","coordinates":[[6.6458398,46.7814179],[6.6459196,46.7815189],[6.6459935,46.7816115],[6.6460663,46.7817027],[6.6461752,46.781839],[6.6462807,46.7819712],[6.6458506,46.7821322]]}},{"type":"Feature","id":"way/80122831","properties":{"timestamp":"2019-12-17T15:24:25Z","version":"5","changeset":"78534163","user":"swiss_knight","uid":"10123181","foot":"designated","highway":"footway","source":"Orthophoto Yverdon 2007 / HEIG-VD","id":"way/80122831"},"geometry":{"type":"LineString","coordinates":[[6.6489384,46.7816067],[6.6490269,46.7815763],[6.6489514,46.7812754],[6.648945,46.7812497],[6.6489276,46.7811804]]}},{"type":"Feature","id":"way/80122834","properties":{"timestamp":"2019-12-17T15:24:25Z","version":"5","changeset":"78534163","user":"swiss_knight","uid":"10123181","foot":"designated","highway":"footway","source":"Orthophoto Yverdon 2007 / HEIG-VD","id":"way/80122834"},"geometry":{"type":"LineString","coordinates":[[6.6487414,46.7813562],[6.6487649,46.7813472]]}},{"type":"Feature","id":"way/80124184","properties":{"timestamp":"2010-10-02T09:02:12Z","version":"1","changeset":"5934342","user":"Romain Aviolat [Xens]","uid":"4786","highway":"service","oneway":"yes","id":"way/80124184"},"geometry":{"type":"LineString","coordinates":[[6.649324,46.7790393],[6.6494007,46.7790228],[6.6493374,46.778923],[6.649204,46.7787819]]}},{"type":"Feature","id":"way/80124185","properties":{"timestamp":"2019-07-02T20:21:51Z","version":"2","changeset":"71836699","user":"FvGordon","uid":"161619","highway":"service","oneway":"yes","tunnel":"building_passage","id":"way/80124185"},"geometry":{"type":"LineString","coordinates":[[6.6490947,46.7790911],[6.649324,46.7790393]]}},{"type":"Feature","id":"way/80253703","properties":{"timestamp":"2010-10-03T14:44:58Z","version":"1","changeset":"5944734","user":"Romain Aviolat [Xens]","uid":"4786","highway":"service","source":"Orthophoto Yverdon 2007 / HEIG-VD","id":"way/80253703"},"geometry":{"type":"LineString","coordinates":[[6.6493984,46.7819176],[6.6488605,46.7821056]]}},{"type":"Feature","id":"way/81975300","properties":{"timestamp":"2010-10-17T20:07:00Z","version":"1","changeset":"6071249","user":"inetis","uid":"138032","highway":"service","service":"driveway","id":"way/81975300"},"geometry":{"type":"LineString","coordinates":[[6.6457876,46.7799215],[6.6458981,46.7797914],[6.6464283,46.7796158]]}},{"type":"Feature","id":"way/82310526","properties":{"timestamp":"2010-10-20T19:50:48Z","version":"1","changeset":"6119377","user":"Romain Aviolat [Xens]","uid":"4786","highway":"service","source":"Orthophoto Yverdon 2007 / HEIG-VD","id":"way/82310526"},"geometry":{"type":"LineString","coordinates":[[6.646517,46.7797478],[6.6469724,46.7796302],[6.6470316,46.779595],[6.6470634,46.7795478],[6.6470579,46.7795072],[6.6469684,46.77932]]}},{"type":"Feature","id":"way/82554104","properties":{"timestamp":"2020-01-26T16:19:57Z","version":"9","changeset":"80101842","user":"ohusser70","uid":"7500047","bridge":"yes","highway":"tertiary","layer":"1","lit":"yes","maxweight":"40","name":"Avenue des Sports","sidewalk":"both","surface":"asphalt","id":"way/82554104"},"geometry":{"type":"LineString","coordinates":[[6.6454247,46.7830323],[6.64563,46.7829435]]}},{"type":"Feature","id":"way/83485229","properties":{"timestamp":"2020-01-26T16:16:13Z","version":"5","changeset":"80101552","user":"ohusser70","uid":"7500047","highway":"residential","lit":"yes","name":"Rue des Pêcheurs","surface":"asphalt","id":"way/83485229"},"geometry":{"type":"LineString","coordinates":[[6.64436,46.7812868],[6.6447593,46.7818223],[6.6456324,46.7828656]]}},{"type":"Feature","id":"way/109928267","properties":{"timestamp":"2011-04-23T21:39:38Z","version":"1","changeset":"7947881","user":"Romain Aviolat [Xens]","uid":"4786","highway":"service","source":"Orthophoto Yverdon 2011 / R-Pod @ HEIG-VD","id":"way/109928267"},"geometry":{"type":"LineString","coordinates":[[6.6467646,46.7818616],[6.6470962,46.7817313]]}},{"type":"Feature","id":"way/341778087","properties":{"timestamp":"2015-04-30T12:16:54Z","version":"1","changeset":"30657898","user":"fredjunod","uid":"84054","highway":"service","id":"way/341778087"},"geometry":{"type":"LineString","coordinates":[[6.6447243,46.779743],[6.6450082,46.779916]]}},{"type":"Feature","id":"way/341778090","properties":{"timestamp":"2020-03-23T18:32:29Z","version":"4","changeset":"82536742","user":"swiss_knight","uid":"10123181","highway":"service","id":"way/341778090"},"geometry":{"type":"LineString","coordinates":[[6.6493963,46.7811466],[6.6494675,46.7812761],[6.6495636,46.7814507]]}},{"type":"Feature","id":"way/341778091","properties":{"timestamp":"2015-04-30T12:16:54Z","version":"1","changeset":"30657898","user":"fredjunod","uid":"84054","highway":"service","source":"Orthophoto Yverdon 2007 / HEIG-VD","id":"way/341778091"},"geometry":{"type":"LineString","coordinates":[[6.6479958,46.7805012],[6.6486631,46.7802497],[6.6487805,46.7804443]]}},{"type":"Feature","id":"way/448480914","properties":{"timestamp":"2019-11-28T09:55:11Z","version":"4","changeset":"77673835","user":"swiss_knight","uid":"10123181","highway":"tertiary","junction":"roundabout","lit":"yes","sidewalk":"right","surface":"asphalt","id":"way/448480914"},"geometry":{"type":"LineString","coordinates":[[6.6500409,46.7813338],[6.6500493,46.7813494],[6.6500513,46.7813729],[6.6500416,46.7813955],[6.6500233,46.7814131],[6.6500018,46.7814245],[6.6499766,46.7814315],[6.6499496,46.7814336],[6.6499233,46.7814308],[6.6498991,46.7814233],[6.6498786,46.7814117],[6.6498613,46.7813942],[6.6498527,46.7813739],[6.6498539,46.7813516],[6.6498654,46.7813307],[6.6498862,46.7813135],[6.6499076,46.7813037],[6.6499319,46.781298],[6.6499575,46.7812967],[6.6499847,46.7813004],[6.6500093,46.781309],[6.6500273,46.7813201],[6.6500409,46.7813338]]}},{"type":"Feature","id":"way/450188798","properties":{"timestamp":"2016-10-30T09:28:20Z","version":"1","changeset":"43279853","user":"JohEcu","uid":"4403747","highway":"service","oneway":"no","id":"way/450188798"},"geometry":{"type":"LineString","coordinates":[[6.6487309,46.7788773],[6.6488065,46.7790379],[6.6488625,46.7791416]]}},{"type":"Feature","id":"way/450188801","properties":{"timestamp":"2016-10-30T09:28:20Z","version":"1","changeset":"43279853","user":"JohEcu","uid":"4403747","highway":"service","oneway":"yes","id":"way/450188801"},"geometry":{"type":"LineString","coordinates":[[6.6488625,46.7791416],[6.6490947,46.7790911]]}},{"type":"Feature","id":"way/456768814","properties":{"timestamp":"2016-11-30T12:32:37Z","version":"1","changeset":"44058690","user":"fredjunod","uid":"84054","highway":"footway","id":"way/456768814"},"geometry":{"type":"LineString","coordinates":[[6.646028,46.7809283],[6.6458444,46.7807015]]}},{"type":"Feature","id":"way/473333230","properties":{"timestamp":"2017-02-08T12:56:06Z","version":"1","changeset":"45915865","user":"fredjunod","uid":"84054","highway":"service","id":"way/473333230"},"geometry":{"type":"LineString","coordinates":[[6.6466902,46.7800193],[6.6487741,46.7795163]]}},{"type":"Feature","id":"way/483951371","properties":{"timestamp":"2019-11-28T09:55:11Z","version":"3","changeset":"77673835","user":"swiss_knight","uid":"10123181","bicycle":"yes","foot":"designated","highway":"footway","incline":"0%","smoothness":"intermediate","surface":"asphalt","width":"2","id":"way/483951371"},"geometry":{"type":"LineString","coordinates":[[6.6500605,46.779241],[6.6489704,46.7794889]]}},{"type":"Feature","id":"way/555310693","properties":{"timestamp":"2019-11-04T11:27:34Z","version":"4","changeset":"76586471","user":"swiss_knight","uid":"10123181","crossing":"marked","crossing:island":"yes","foot":"designated","footway":"crossing","highway":"footway","smoothness":"intermediate","surface":"asphalt","tactile_paving":"no","id":"way/555310693"},"geometry":{"type":"LineString","coordinates":[[6.6497953,46.7814759],[6.6497683,46.7814372],[6.649751,46.7814115],[6.6497362,46.7813862]]}},{"type":"Feature","id":"way/673902198","properties":{"timestamp":"2019-11-28T11:08:04Z","version":"3","changeset":"77676510","user":"swiss_knight","uid":"10123181","highway":"service","service":"alley","id":"way/673902198"},"geometry":{"type":"LineString","coordinates":[[6.6451009,46.7790865],[6.6451399,46.7791309]]}},{"type":"Feature","id":"way/673902199","properties":{"timestamp":"2019-03-01T15:14:54Z","version":"1","changeset":"67689408","user":"fredjunod","uid":"84054","highway":"service","service":"alley","tunnel":"building_passage","id":"way/673902199"},"geometry":{"type":"LineString","coordinates":[[6.6449983,46.7789697],[6.6451009,46.7790865]]}},{"type":"Feature","id":"way/701102981","properties":{"timestamp":"2019-12-13T15:41:44Z","version":"3","changeset":"78382383","user":"swiss_knight","uid":"10123181","bicycle":"dismount","crossing":"marked","crossing:island":"no","foot":"designated","footway":"crossing","highway":"footway","incline":"0%","surface":"asphalt","tactile_paving":"no","width":"4","id":"way/701102981"},"geometry":{"type":"LineString","coordinates":[[6.6461921,46.7791026],[6.6460976,46.7791238],[6.6459886,46.7791483]]}},{"type":"Feature","id":"way/701102982","properties":{"timestamp":"2019-12-13T15:41:44Z","version":"5","changeset":"78382383","user":"swiss_knight","uid":"10123181","foot":"designated","highway":"footway","id":"way/701102982"},"geometry":{"type":"LineString","coordinates":[[6.6459886,46.7791483],[6.6458796,46.7791728],[6.6445923,46.7794625]]}},{"type":"Feature","id":"way/701102983","properties":{"timestamp":"2019-12-13T15:41:44Z","version":"4","changeset":"78382383","user":"swiss_knight","uid":"10123181","bicycle":"dismount","foot":"designated","footway":"sidewalk","highway":"footway","incline":"0%","smoothness":"good","surface":"asphalt","width":"2","id":"way/701102983"},"geometry":{"type":"LineString","coordinates":[[6.6458498,46.7789684],[6.6457883,46.7789827],[6.6455044,46.7790489],[6.6451727,46.7791235]]}},{"type":"Feature","id":"way/722952661","properties":{"timestamp":"2019-12-17T15:24:25Z","version":"3","changeset":"78534163","user":"swiss_knight","uid":"10123181","bicycle":"dismount","crossing":"marked","crossing:island":"no","foot":"designated","footway":"crossing","highway":"footway","incline":"0%","smoothness":"intermediate","surface":"asphalt","tactile_paving":"no","width":"2","id":"way/722952661"},"geometry":{"type":"LineString","coordinates":[[6.6483382,46.7811947],[6.6484592,46.7811479],[6.6485554,46.7811333],[6.6485855,46.7811287]]}},{"type":"Feature","id":"way/738186488","properties":{"timestamp":"2020-01-26T16:18:57Z","version":"5","changeset":"80101552","user":"ohusser70","uid":"7500047","foot":"designated","footway":"sidewalk","highway":"footway","lit":"yes","smoothness":"good","surface":"asphalt","width":"1.5","id":"way/738186488"},"geometry":{"type":"LineString","coordinates":[[6.6444186,46.7818599],[6.6444699,46.7819359],[6.6444908,46.7819669],[6.6445419,46.7820354],[6.6446847,46.7822142],[6.6449237,46.782532],[6.6452574,46.7829828],[6.6452829,46.7829974],[6.6453222,46.7829976],[6.6453602,46.7829806]]}},{"type":"Feature","id":"way/738186489","properties":{"timestamp":"2019-10-24T10:24:14Z","version":"1","changeset":"76145659","user":"swiss_knight","uid":"10123181","crossing":"marked","footway":"crossing","highway":"footway","smoothness":"intermediate","surface":"asphalt","id":"way/738186489"},"geometry":{"type":"LineString","coordinates":[[6.6489031,46.7795046],[6.6489373,46.7794966],[6.6489704,46.7794889]]}},{"type":"Feature","id":"way/738186490","properties":{"timestamp":"2019-11-28T09:55:11Z","version":"2","changeset":"77673835","user":"swiss_knight","uid":"10123181","foot":"designated","highway":"footway","incline":"4%","smoothness":"good","surface":"asphalt","width":"3","id":"way/738186490"},"geometry":{"type":"LineString","coordinates":[[6.6488862,46.7794886],[6.6487741,46.7795163]]}},{"type":"Feature","id":"way/738186491","properties":{"timestamp":"2019-11-28T12:11:37Z","version":"3","changeset":"77678782","user":"swiss_knight","uid":"10123181","bicycle":"dismount","crossing":"unmarked","crossing:island":"no","foot":"designated","footway":"crossing","highway":"footway","incline":"0%","smoothness":"intermediate","surface":"asphalt","tactile_paving":"no","width":"1.5","id":"way/738186491"},"geometry":{"type":"LineString","coordinates":[[6.6455976,46.7828784],[6.6456324,46.7828656],[6.6456737,46.7828505]]}},{"type":"Feature","id":"way/738186492","properties":{"timestamp":"2020-01-26T16:20:07Z","version":"4","changeset":"80101552","user":"ohusser70","uid":"7500047","bridge":"yes","foot":"designated","footway":"sidewalk","highway":"footway","layer":"1","lit":"yes","smoothness":"good","surface":"concrete","width":"2","id":"way/738186492"},"geometry":{"type":"LineString","coordinates":[[6.6453602,46.7829806],[6.645463,46.7829363],[6.6455976,46.7828784]]}},{"type":"Feature","id":"way/738186493","properties":{"timestamp":"2019-11-04T11:27:34Z","version":"2","changeset":"76586471","user":"swiss_knight","uid":"10123181","crossing":"marked","crossing:island":"no","foot":"designated","footway":"crossing","highway":"footway","incline":"0%","smoothness":"intermediate","surface":"asphalt","tactile_paving":"no","width":"1.5","id":"way/738186493"},"geometry":{"type":"LineString","coordinates":[[6.6470171,46.7823667],[6.6471354,46.7823225],[6.6471998,46.7822985]]}},{"type":"Feature","id":"way/738186494","properties":{"timestamp":"2019-12-06T14:23:15Z","version":"6","changeset":"78057413","user":"swiss_knight","uid":"10123181","foot":"designated","footway":"sidewalk","highway":"footway","incline":"0%","smoothness":"intermediate","surface":"asphalt","width":"1.5","id":"way/738186494"},"geometry":{"type":"LineString","coordinates":[[6.6471998,46.7822985],[6.6473076,46.7822594],[6.6487035,46.7817532]]}},{"type":"Feature","id":"way/738186495","properties":{"timestamp":"2019-10-24T10:24:14Z","version":"1","changeset":"76145659","user":"swiss_knight","uid":"10123181","footway":"sidewalk","highway":"footway","layer":"-1","smoothness":"intermediate","tunnel":"yes","width":"1.5","id":"way/738186495"},"geometry":{"type":"LineString","coordinates":[[6.649026,46.7797557],[6.6489394,46.7795789]]}},{"type":"Feature","id":"way/738186496","properties":{"timestamp":"2019-11-04T09:53:16Z","version":"2","changeset":"76580490","user":"swiss_knight","uid":"10123181","foot":"designated","footway":"sidewalk","highway":"footway","smoothness":"intermediate","width":"1.5","id":"way/738186496"},"geometry":{"type":"LineString","coordinates":[[6.6489394,46.7795789],[6.6489031,46.7795046],[6.6488985,46.7795015],[6.6488862,46.7794886],[6.6488465,46.7794459],[6.6485765,46.7789057],[6.6484216,46.7786137]]}},{"type":"Feature","id":"way/738186499","properties":{"timestamp":"2019-11-04T11:27:34Z","version":"3","changeset":"76586471","user":"swiss_knight","uid":"10123181","crossing":"marked","crossing:island":"no","foot":"designated","footway":"crossing","highway":"footway","smoothness":"intermediate","surface":"asphalt","id":"way/738186499"},"geometry":{"type":"LineString","coordinates":[[6.6458729,46.7828982],[6.6458443,46.7828588],[6.6458038,46.782803]]}},{"type":"Feature","id":"way/738186500","properties":{"timestamp":"2019-11-04T11:27:34Z","version":"2","changeset":"76586471","user":"swiss_knight","uid":"10123181","crossing":"unmarked","crossing:island":"no","foot":"designated","footway":"crossing","highway":"footway","incline":"0%","smoothness":"intermediate","surface":"asphalt","tactile_paving":"no","id":"way/738186500"},"geometry":{"type":"LineString","coordinates":[[6.649251,46.7816634],[6.6492181,46.7816757],[6.6491777,46.7816907]]}},{"type":"Feature","id":"way/738186501","properties":{"timestamp":"2019-11-04T11:27:34Z","version":"2","changeset":"76586471","user":"swiss_knight","uid":"10123181","foot":"designated","footway":"sidewalk","highway":"footway","incline":"0%","smoothness":"intermediate","surface":"asphalt","width":"2","id":"way/738186501"},"geometry":{"type":"LineString","coordinates":[[6.6491777,46.7816907],[6.6487219,46.7818603]]}},{"type":"Feature","id":"way/738186502","properties":{"timestamp":"2019-11-04T11:27:34Z","version":"2","changeset":"76586471","user":"swiss_knight","uid":"10123181","crossing":"unmarked","crossing:island":"no","foot":"designated","footway":"crossing","highway":"footway","incline":"0%","smoothness":"intermediate","surface":"asphalt","tactile_paving":"no","id":"way/738186502"},"geometry":{"type":"LineString","coordinates":[[6.6487219,46.7818603],[6.6486872,46.7818732],[6.6486534,46.7818857]]}},{"type":"Feature","id":"way/738186503","properties":{"timestamp":"2019-12-06T14:23:15Z","version":"4","changeset":"78057413","user":"swiss_knight","uid":"10123181","bicycle":"dismount","foot":"designated","footway":"sidewalk","highway":"footway","incline":"0%","smoothness":"intermediate","surface":"asphalt","width":"2","id":"way/738186503"},"geometry":{"type":"LineString","coordinates":[[6.6486534,46.7818857],[6.6484732,46.7819528],[6.6473805,46.7823585],[6.6471385,46.7824484],[6.6460214,46.7828488],[6.6458729,46.7828982],[6.6457991,46.7829383],[6.6457871,46.7829885],[6.6457976,46.7830214]]}},{"type":"Feature","id":"way/738186504","properties":{"timestamp":"2019-10-24T10:24:14Z","version":"1","changeset":"76145659","user":"swiss_knight","uid":"10123181","highway":"service","id":"way/738186504"},"geometry":{"type":"LineString","coordinates":[[6.6496059,46.782196],[6.6496799,46.7822952],[6.649142,46.7824832],[6.6490655,46.7823806]]}},{"type":"Feature","id":"way/738186505","properties":{"timestamp":"2019-10-24T10:24:14Z","version":"1","changeset":"76145659","user":"swiss_knight","uid":"10123181","highway":"service","layer":"-1","tunnel":"yes","id":"way/738186505"},"geometry":{"type":"LineString","coordinates":[[6.6494846,46.7820332],[6.6496059,46.782196]]}},{"type":"Feature","id":"way/738186506","properties":{"timestamp":"2019-11-28T09:55:11Z","version":"2","changeset":"77673835","user":"swiss_knight","uid":"10123181","highway":"service","id":"way/738186506"},"geometry":{"type":"LineString","coordinates":[[6.6489504,46.7822262],[6.6488605,46.7821056],[6.6486872,46.7818732]]}},{"type":"Feature","id":"way/738186507","properties":{"timestamp":"2019-10-24T10:24:14Z","version":"1","changeset":"76145659","user":"swiss_knight","uid":"10123181","highway":"service","layer":"-1","tunnel":"yes","id":"way/738186507"},"geometry":{"type":"LineString","coordinates":[[6.6490655,46.7823806],[6.6489504,46.7822262]]}},{"type":"Feature","id":"way/738493584","properties":{"timestamp":"2019-11-04T11:27:34Z","version":"2","changeset":"76586471","user":"swiss_knight","uid":"10123181","foot":"designated","footway":"sidewalk","highway":"footway","incline":"0%","smoothness":"intermediate","surface":"asphalt","width":"1.8","id":"way/738493584"},"geometry":{"type":"LineString","coordinates":[[6.6496072,46.7805805],[6.6496697,46.7806974],[6.6497084,46.7807191]]}},{"type":"Feature","id":"way/738493586","properties":{"timestamp":"2019-11-04T11:27:34Z","version":"2","changeset":"76586471","user":"swiss_knight","uid":"10123181","foot":"designated","footway":"sidewalk","highway":"footway","incline":"0%","smoothness":"intermediate","surface":"asphalt","width":"1.8","id":"way/738493586"},"geometry":{"type":"LineString","coordinates":[[6.6498642,46.7810066],[6.6498593,46.7810467],[6.6499,46.7811188],[6.6499323,46.781158],[6.6499645,46.7811786],[6.650024,46.7812037],[6.6500915,46.7812139],[6.6501451,46.7812166],[6.6502176,46.7812058],[6.6512776,46.7808251],[6.6513838,46.7808068],[6.6514374,46.7807932]]}},{"type":"Feature","id":"way/738493587","properties":{"timestamp":"2019-11-04T11:27:34Z","version":"2","changeset":"76586471","user":"swiss_knight","uid":"10123181","foot":"designated","footway":"sidewalk","highway":"footway","incline":"0%","smoothness":"intermediate","surface":"asphalt","width":"1.2","id":"way/738493587"},"geometry":{"type":"LineString","coordinates":[[6.6497084,46.7807191],[6.6498642,46.7810066]]}},{"type":"Feature","id":"way/738493588","properties":{"timestamp":"2019-11-04T11:27:34Z","version":"2","changeset":"76586471","user":"swiss_knight","uid":"10123181","crossing":"marked","crossing:island":"yes","foot":"designated","footway":"crossing","highway":"footway","smoothness":"intermediate","surface":"asphalt","tactile_paving":"no","id":"way/738493588"},"geometry":{"type":"LineString","coordinates":[[6.6499323,46.781158],[6.6498774,46.7811741],[6.6498309,46.7811878],[6.6497851,46.7812007]]}},{"type":"Feature","id":"way/739737473","properties":{"timestamp":"2019-11-28T11:57:03Z","version":"3","changeset":"77678169","user":"swiss_knight","uid":"10123181","foot":"designated","footway":"sidewalk","highway":"footway","incline":"0%","smoothness":"intermediate","surface":"asphalt","width":"1.5","id":"way/739737473"},"geometry":{"type":"LineString","coordinates":[[6.6448309,46.7825819],[6.645056,46.7828659],[6.6451522,46.7829989],[6.6451552,46.7830163],[6.6451575,46.7830509],[6.6451433,46.7830817],[6.6450992,46.7831186],[6.6444247,46.7834964]]}},{"type":"Feature","id":"way/739737479","properties":{"timestamp":"2019-11-04T11:27:34Z","version":"2","changeset":"76586471","user":"swiss_knight","uid":"10123181","crossing":"marked","crossing:island":"no","foot":"designated","footway":"crossing","highway":"footway","smoothness":"intermediate","surface":"asphalt","tactile_paving":"no","id":"way/739737479"},"geometry":{"type":"LineString","coordinates":[[6.6452574,46.7829828],[6.6452052,46.7829999],[6.6451552,46.7830163]]}},{"type":"Feature","id":"way/739737480","properties":{"timestamp":"2019-11-04T11:27:34Z","version":"2","changeset":"76586471","user":"swiss_knight","uid":"10123181","crossing":"marked","crossing:island":"no","foot":"designated","footway":"crossing","highway":"footway","smoothness":"intermediate","surface":"asphalt","tactile_paving":"no","id":"way/739737480"},"geometry":{"type":"LineString","coordinates":[[6.6454294,46.7831051],[6.6453781,46.7830536],[6.6453222,46.7829976]]}},{"type":"Feature","id":"way/739743833","properties":{"timestamp":"2019-11-29T13:33:03Z","version":"3","changeset":"77731445","user":"swiss_knight","uid":"10123181","foot":"designated","footway":"sidewalk","highway":"footway","incline":"0%","lit":"yes","smoothness":"intermediate","surface":"asphalt","width":"3","id":"way/739743833"},"geometry":{"type":"LineString","coordinates":[[6.6484216,46.7786137],[6.6483854,46.7786211],[6.648121,46.7786766],[6.6476351,46.7787787],[6.6461921,46.7791026]]}},{"type":"Feature","id":"way/741873164","properties":{"timestamp":"2019-11-04T11:27:34Z","version":"1","changeset":"76586471","user":"swiss_knight","uid":"10123181","foot":"designated","footway":"sidewalk","highway":"footway","incline":"0%","smoothness":"intermediate","surface":"asphalt","width":"2","id":"way/741873164"},"geometry":{"type":"LineString","coordinates":[[6.6509857,46.7833494],[6.6509335,46.7831742],[6.650139,46.7817848],[6.6499943,46.7815481],[6.6499425,46.7815056],[6.6498849,46.7814822],[6.6497953,46.7814759],[6.6497166,46.7814921],[6.6496563,46.7815127],[6.649251,46.7816634]]}},{"type":"Feature","id":"way/741873167","properties":{"timestamp":"2019-11-28T09:55:11Z","version":"2","changeset":"77673835","user":"swiss_knight","uid":"10123181","cycleway":"lane","highway":"residential","maxspeed":"50","name":"Rue de l'Industrie","oneway":"no","sidewalk":"yes","surface":"asphalt","id":"way/741873167"},"geometry":{"type":"LineString","coordinates":[[6.6497981,46.7810757],[6.6493476,46.7802709],[6.6490703,46.7797429]]}},{"type":"Feature","id":"way/741873168","properties":{"timestamp":"2019-11-28T09:55:11Z","version":"2","changeset":"77673835","user":"swiss_knight","uid":"10123181","highway":"residential","maxspeed":"50","name":"Rue de l'Industrie","oneway":"yes","sidewalk":"right","surface":"asphalt","id":"way/741873168"},"geometry":{"type":"LineString","coordinates":[[6.6498862,46.7813135],[6.6498367,46.7812075],[6.6498309,46.7811878],[6.6497981,46.7810757]]}},{"type":"Feature","id":"way/741873170","properties":{"timestamp":"2019-11-28T09:55:11Z","version":"2","changeset":"77673835","user":"swiss_knight","uid":"10123181","highway":"residential","maxspeed":"30","name":"Avenue de la Plage","oneway":"yes","sidewalk":"right","surface":"asphalt","id":"way/741873170"},"geometry":{"type":"LineString","coordinates":[[6.6500547,46.7815289],[6.6500004,46.7814894],[6.6499936,46.7814844],[6.6499496,46.7814336]]}},{"type":"Feature","id":"way/741873171","properties":{"timestamp":"2019-11-28T09:55:11Z","version":"2","changeset":"77673835","user":"swiss_knight","uid":"10123181","highway":"tertiary","maxspeed":"50","name":"Avenue des Sports","oneway":"yes","sidewalk":"right","surface":"asphalt","id":"way/741873171"},"geometry":{"type":"LineString","coordinates":[[6.6496864,46.7814472],[6.649751,46.7814115],[6.6497683,46.7814019],[6.6498527,46.7813739]]}},{"type":"Feature","id":"way/741873172","properties":{"timestamp":"2020-02-25T10:12:52Z","version":"3","changeset":"81448755","user":"schnelli","uid":"225842","highway":"tertiary","lit":"yes","maxspeed":"50","name":"Avenue des Sports","oneway":"yes","sidewalk":"right","surface":"asphalt","id":"way/741873172"},"geometry":{"type":"LineString","coordinates":[[6.6498786,46.7814117],[6.6497884,46.7814348],[6.6497683,46.7814372],[6.6496864,46.7814472]]}},{"type":"Feature","id":"way/741873176","properties":{"timestamp":"2019-11-04T11:27:34Z","version":"1","changeset":"76586471","user":"swiss_knight","uid":"10123181","crossing":"marked","crossing:island":"yes","footway":"crossing","highway":"footway","incline":"0%","smoothness":"good","surface":"asphalt","tactile_paving":"no","id":"way/741873176"},"geometry":{"type":"LineString","coordinates":[[6.6501047,46.7814603],[6.6500453,46.7814773],[6.6500004,46.7814894],[6.6499425,46.7815056]]}},{"type":"Feature","id":"way/750398948","properties":{"timestamp":"2019-11-28T09:55:11Z","version":"1","changeset":"77673835","user":"swiss_knight","uid":"10123181","highway":"unclassified","maxspeed:type":"CH:urban","name":"Rue Saint-Roch","sidewalk":"yes","surface":"asphalt","id":"way/750398948"},"geometry":{"type":"LineString","coordinates":[[6.6460976,46.7791238],[6.6460844,46.7791042],[6.6460148,46.7790255],[6.6459499,46.7789447]]}},{"type":"Feature","id":"way/750398951","properties":{"timestamp":"2019-11-28T09:55:11Z","version":"1","changeset":"77673835","user":"swiss_knight","uid":"10123181","bicycle":"yes","cycleway":"lane","highway":"residential","name":"Rue de l'Industrie","oneway":"no","sidewalk":"both","surface":"asphalt","id":"way/750398951"},"geometry":{"type":"LineString","coordinates":[[6.6489373,46.7794966],[6.6486152,46.7788993]]}},{"type":"Feature","id":"way/750398952","properties":{"timestamp":"2019-11-28T09:55:11Z","version":"1","changeset":"77673835","user":"swiss_knight","uid":"10123181","highway":"service","sidewalk":"yes","source":"Orthophoto Yverdon 2007 / HEIG-VD","id":"way/750398952"},"geometry":{"type":"LineString","coordinates":[[6.6492983,46.780286],[6.6493476,46.7802709]]}},{"type":"Feature","id":"way/750398953","properties":{"timestamp":"2019-11-28T09:55:11Z","version":"1","changeset":"77673835","user":"swiss_knight","uid":"10123181","foot":"designated","footway":"sidewalk","highway":"footway","incline":"0%","smoothness":"intermediate","surface":"asphalt","width":"1.5","id":"way/750398953"},"geometry":{"type":"LineString","coordinates":[[6.6492983,46.780286],[6.6492867,46.7802572],[6.6491341,46.7799628],[6.6490484,46.7798133],[6.649033,46.77977],[6.649026,46.7797557]]}},{"type":"Feature","id":"way/750398954","properties":{"timestamp":"2020-03-23T18:32:29Z","version":"2","changeset":"82536742","user":"swiss_knight","uid":"10123181","highway":"service","oneway":"yes","service":"parking_aisle","source":"Orthophoto Yverdon 2007 / HEIG-VD","surface":"asphalt","id":"way/750398954"},"geometry":{"type":"LineString","coordinates":[[6.6487637,46.781732],[6.6483615,46.7812243],[6.6483382,46.7811947],[6.6478408,46.7805596],[6.6479958,46.7805012]]}},{"type":"Feature","id":"way/750398955","properties":{"timestamp":"2020-03-23T18:32:29Z","version":"2","changeset":"82536742","user":"swiss_knight","uid":"10123181","highway":"service","source":"Orthophoto Yverdon 2007 / HEIG-VD","surface":"asphalt","id":"way/750398955"},"geometry":{"type":"LineString","coordinates":[[6.6489777,46.7816567],[6.6489384,46.7816067],[6.6487414,46.7813562],[6.6485683,46.7811481],[6.6485554,46.7811333],[6.6481503,46.780637],[6.6479958,46.7805012],[6.6478412,46.7803442],[6.6477044,46.7803148],[6.6475194,46.7803552],[6.646028,46.7809283]]}},{"type":"Feature","id":"way/750398956","properties":{"timestamp":"2019-11-28T09:55:11Z","version":"1","changeset":"77673835","user":"swiss_knight","uid":"10123181","highway":"service","sidewalk":"yes","id":"way/750398956"},"geometry":{"type":"LineString","coordinates":[[6.6495636,46.7814507],[6.6495824,46.7814848]]}},{"type":"Feature","id":"way/750398957","properties":{"timestamp":"2020-03-23T18:32:29Z","version":"2","changeset":"82536742","user":"swiss_knight","uid":"10123181","crossing":"unmarked","crossing:island":"no","foot":"designated","footway":"crossing","highway":"footway","incline":"0%","smoothness":"intermediate","surface":"asphalt","tactile_paving":"no","width":"1.5","id":"way/750398957"},"geometry":{"type":"LineString","coordinates":[[6.6495309,46.7814622],[6.6495636,46.7814507],[6.6495991,46.7814382]]}},{"type":"Feature","id":"way/750398958","properties":{"timestamp":"2019-11-28T09:55:11Z","version":"1","changeset":"77673835","user":"swiss_knight","uid":"10123181","highway":"service","sidewalk":"yes","id":"way/750398958"},"geometry":{"type":"LineString","coordinates":[[6.6486872,46.7818732],[6.6486489,46.781822]]}},{"type":"Feature","id":"way/750398959","properties":{"timestamp":"2019-11-28T09:55:11Z","version":"1","changeset":"77673835","user":"swiss_knight","uid":"10123181","highway":"service","id":"way/750398959"},"geometry":{"type":"LineString","coordinates":[[6.6492181,46.7816757],[6.6493984,46.7819176],[6.6494846,46.7820332]]}},{"type":"Feature","id":"way/750416432","properties":{"timestamp":"2019-11-28T11:08:04Z","version":"1","changeset":"77676510","user":"swiss_knight","uid":"10123181","bicycle":"dismount","crossing":"unmarked","crossing:island":"no","foot":"designated","footway":"crossing","highway":"footway","incline":"0%","smoothness":"good","surface":"asphalt","tactile_paving":"no","id":"way/750416432"},"geometry":{"type":"LineString","coordinates":[[6.6451727,46.7791235],[6.6451399,46.7791309],[6.6451034,46.7791391]]}},{"type":"Feature","id":"way/750416433","properties":{"timestamp":"2019-11-28T11:08:04Z","version":"1","changeset":"77676510","user":"swiss_knight","uid":"10123181","bicycle":"dismount","foot":"designated","footway":"sidewalk","highway":"footway","incline":"0%","smoothness":"good","surface":"asphalt","width":"2","id":"way/750416433"},"geometry":{"type":"LineString","coordinates":[[6.6451034,46.7791391],[6.6447244,46.7792243],[6.644226,46.7793266],[6.6438148,46.7794266],[6.6437426,46.7794408],[6.6436778,46.7794536],[6.6435236,46.7793266],[6.6433106,46.7791416],[6.6432282,46.7790662]]}},{"type":"Feature","id":"way/750416434","properties":{"timestamp":"2019-11-28T11:08:04Z","version":"1","changeset":"77676510","user":"swiss_knight","uid":"10123181","highway":"service","service":"alley","sidewalk":"yes","id":"way/750416434"},"geometry":{"type":"LineString","coordinates":[[6.6451399,46.7791309],[6.6452041,46.779204]]}},{"type":"Feature","id":"way/750432874","properties":{"timestamp":"2019-12-06T13:54:19Z","version":"2","changeset":"78055453","user":"swiss_knight","uid":"10123181","highway":"residential","name":"Rue des Pêcheurs","sidewalk":"yes","surface":"asphalt","id":"way/750432874"},"geometry":{"type":"LineString","coordinates":[[6.6456791,46.7829215],[6.6457676,46.7830342],[6.6469409,46.7845285],[6.6473457,46.785055]]}},{"type":"Feature","id":"way/750432875","properties":{"timestamp":"2019-11-28T12:11:37Z","version":"1","changeset":"77678782","user":"swiss_knight","uid":"10123181","highway":"residential","name":"Rue des Pêcheurs","sidewalk":"yes","surface":"asphalt","id":"way/750432875"},"geometry":{"type":"LineString","coordinates":[[6.6456324,46.7828656],[6.6456791,46.7829215]]}},{"type":"Feature","id":"way/750432876","properties":{"timestamp":"2019-11-28T12:11:37Z","version":"1","changeset":"77678782","user":"swiss_knight","uid":"10123181","foot":"designated","footway":"sidewalk","highway":"footway","incline":"0%","smoothness":"intermediate","surface":"asphalt","width":"1.5","id":"way/750432876"},"geometry":{"type":"LineString","coordinates":[[6.6456737,46.7828505],[6.6458038,46.782803],[6.6461858,46.7826706],[6.6470171,46.7823667]]}},{"type":"Feature","id":"way/750432877","properties":{"timestamp":"2019-11-28T12:11:37Z","version":"1","changeset":"77678782","user":"swiss_knight","uid":"10123181","bicycle":"dismount","crossing":"unmarked","crossing:island":"no","foot":"designated","footway":"crossing","highway":"footway","incline":"0%","smoothness":"intermediate","surface":"asphalt","tactile_paving":"no","width":"1.5","id":"way/750432877"},"geometry":{"type":"LineString","coordinates":[[6.6487035,46.7817532],[6.6487637,46.781732],[6.6489777,46.7816567],[6.6490943,46.7816157]]}},{"type":"Feature","id":"way/750432878","properties":{"timestamp":"2020-03-23T18:32:29Z","version":"2","changeset":"82536742","user":"swiss_knight","uid":"10123181","foot":"designated","footway":"sidewalk","highway":"footway","incline":"0%","smoothness":"intermediate","surface":"asphalt","width":"1.5","id":"way/750432878"},"geometry":{"type":"LineString","coordinates":[[6.6490943,46.7816157],[6.6495309,46.7814622]]}},{"type":"Feature","id":"way/751514787","properties":{"timestamp":"2019-12-02T09:36:32Z","version":"1","changeset":"77809898","user":"swiss_knight","uid":"10123181","foot":"designated","footway":"sidewalk","highway":"footway","id":"way/751514787"},"geometry":{"type":"LineString","coordinates":[[6.6486484,46.7789076],[6.648894,46.7793528],[6.6489704,46.7794889]]}},{"type":"Feature","id":"way/753314958","properties":{"timestamp":"2019-12-06T14:23:15Z","version":"1","changeset":"78057413","user":"swiss_knight","uid":"10123181","bicycle":"dismount","crossing":"marked","crossing:island":"no","foot":"designated","footway":"crossing","highway":"footway","incline":"0%","smoothness":"intermediate","surface":"asphalt","tactile_paving":"no","width":"3","id":"way/753314958"},"geometry":{"type":"LineString","coordinates":[[6.6473076,46.7822594],[6.647335,46.7822966],[6.6473805,46.7823585]]}},{"type":"Feature","id":"way/753316723","properties":{"timestamp":"2019-12-06T14:30:33Z","version":"1","changeset":"78057948","user":"swiss_knight","uid":"10123181","highway":"service","sidewalk":"yes","id":"way/753316723"},"geometry":{"type":"LineString","coordinates":[[6.6471354,46.7823225],[6.6471642,46.7823583]]}},{"type":"Feature","id":"way/755242219","properties":{"timestamp":"2019-12-13T15:41:44Z","version":"1","changeset":"78382383","user":"swiss_knight","uid":"10123181","bicycle":"dismount","crossing":"marked","crossing:island":"yes","foot":"designated","footway":"crossing","highway":"footway","incline":"0%","surface":"asphalt","tactile_paving":"no","width":"4","id":"way/755242219"},"geometry":{"type":"LineString","coordinates":[[6.6457883,46.7789827],[6.6458285,46.7790665],[6.6458796,46.7791728]]}},{"type":"Feature","id":"way/756284396","properties":{"timestamp":"2020-03-23T18:32:29Z","version":"2","changeset":"82536742","user":"swiss_knight","uid":"10123181","highway":"service","name":"Rue du Nord","oneway":"yes","source":"Survey, Orthophoto Yverdon 2007 / HEIG-VD","surface":"asphalt","id":"way/756284396"},"geometry":{"type":"LineString","coordinates":[[6.6447593,46.7818223],[6.6451212,46.7816921],[6.6458398,46.7814179],[6.646161,46.7813091],[6.6462551,46.7812991],[6.646328,46.7813247],[6.6467065,46.7817893],[6.6476215,46.7814454],[6.6480339,46.7812969],[6.6481008,46.7813144],[6.6481407,46.7813058],[6.6483615,46.7812243],[6.6485683,46.7811481]]}},{"type":"Feature","id":"way/756284397","properties":{"timestamp":"2020-03-23T18:32:29Z","version":"2","changeset":"82536742","user":"swiss_knight","uid":"10123181","foot":"designated","highway":"footway","incline":"0%","smoothness":"bad","source":"Orthophoto Yverdon 2007 / HEIG-VD","width":"2","id":"way/756284397"},"geometry":{"type":"LineString","coordinates":[[6.6487968,46.7813349],[6.6489514,46.7812754],[6.6491716,46.7812171],[6.6493349,46.7810581]]}},{"type":"Feature","id":"way/756284398","properties":{"timestamp":"2019-12-17T15:24:25Z","version":"1","changeset":"78534163","user":"swiss_knight","uid":"10123181","foot":"designated","highway":"steps","source":"Orthophoto Yverdon 2007 / HEIG-VD","step_count":"4","surface":"asphalt","width":"3","id":"way/756284398"},"geometry":{"type":"LineString","coordinates":[[6.6487649,46.7813472],[6.6487968,46.7813349]]}},{"type":"Feature","id":"way/756284399","properties":{"timestamp":"2019-12-17T15:24:25Z","version":"1","changeset":"78534163","user":"swiss_knight","uid":"10123181","bicycle":"yes","foot":"designated","highway":"footway","incline":"2%","smoothness":"bad","surface":"as","width":"2","id":"way/756284399"},"geometry":{"type":"LineString","coordinates":[[6.6485855,46.7811287],[6.6486757,46.7810997],[6.6487596,46.7812546],[6.6487903,46.7812724],[6.6488447,46.7812688],[6.648945,46.7812497]]}},{"type":"Feature","id":"way/783997352","properties":{"timestamp":"2020-03-23T18:32:29Z","version":"1","changeset":"82536742","user":"swiss_knight","uid":"10123181","foot":"designated","highway":"footway","incline":"0%","smoothness":"bad","surface":"asphalt","width":"2","id":"way/783997352"},"geometry":{"type":"LineString","coordinates":[[6.6491716,46.7812171],[6.6492902,46.7811959],[6.6494675,46.7812761]]}},{"type":"Feature","id":"way/783997353","properties":{"timestamp":"2020-03-23T18:32:29Z","version":"1","changeset":"82536742","user":"swiss_knight","uid":"10123181","foot":"designated","footway":"sidewalk","highway":"footway","incline":"0%","smoothness":"intermediate","surface":"asphalt","width":"1.5","id":"way/783997353"},"geometry":{"type":"LineString","coordinates":[[6.6495991,46.7814382],[6.6497031,46.7814016],[6.6497362,46.7813862],[6.6497647,46.7813656],[6.6497933,46.7813192],[6.6498039,46.7812739],[6.6498031,46.7812354],[6.6497851,46.7812007],[6.6497718,46.781175],[6.6497313,46.7810985],[6.649551,46.7807712],[6.6493438,46.7803985],[6.6492983,46.780286]]}}]}
